track_name,artist_name,track_popularity,year,name,playcount,listeners,genres,artist_popularity,album_name,release_date,duration_ms,track_listeners
Love it,Younite,99,2023,Younite,1212340,33859,"['k-pop', 'Korean', 'pop', 'boybands', 'korean music']",1212340,BIT Part.2,N/A,202000,7081
Missio,Bess,88,2023,Bess,1364240,37698,"['finnish', 'pop', 'finland', 'dance', 'Hip-Hop']",1364240,Missio,N/A,159000,7740
Satama,KUUMAA,28,2023,KUUMAA,3716352,33363,"['finnish', 'pop', 'male vocalists', 'finland', 'kuumaa']",3716352,Satama,N/A,160000,10506
Tell Me Why,Gotts Street Park,56,2023,Gotts Street Park,4652262,480190,"['soul', 'jazz', 'indie pop', 'funk', 'funk_add_to_lidarr_batch_11']",4652262,N/A,N/A,0,310100
Video Game,HeeJin,48,2023,HeeJin,5180379,102539,"['Loona', 'Korean', 'artms', 'k-pop', 'Kpop']",5180379,<K>,N/A,187000,56631
Addiction,HeeJin,81,2023,HeeJin,5180379,102539,"['Loona', 'Korean', 'artms', 'k-pop', 'Kpop']",5180379,K,N/A,159000,39929
If You Don't Want My Love,Jalen Ngonda,16,2023,Jalen Ngonda,5497665,605799,"['soul', 'rnb', 'USA', 'reggae', 'daptone']",5497665,If You Don't Want My Love,N/A,147000,555620
KNOCK,LEE CHAE YEON,96,2023,LEE CHAE YEON,5516724,248490,"['k-pop', 'Korean', 'Kpop', 'izone', 'pop']",5516724,Over The Moon,N/A,174000,199639
MACARONI CHEESE,YOUNG POSSE,34,2023,YOUNG POSSE,7197289,167651,"['k-pop', 'Korean', 'Hip-Hop', 'Kpop', 'DSP Media']",7197289,MACARONI CHEESE,N/A,145000,59352
OTB,YOUNG POSSE,72,2023,YOUNG POSSE,7197289,167651,"['k-pop', 'Korean', 'Hip-Hop', 'Kpop', 'DSP Media']",7197289,MACARONI CHEESE,N/A,168000,23253
POSSE UP!,YOUNG POSSE,23,2023,YOUNG POSSE,7197289,167651,"['k-pop', 'Korean', 'Hip-Hop', 'Kpop', 'DSP Media']",7197289,MACARONI CHEESE,N/A,138000,48445
Back In Love,Leisure,100,2023,Leisure,7387107,513878,"['indie pop', 'indie', 'electronic', 'downtempo', 'New Zealand']",7387107,Back In Love,N/A,281000,24561
Above Me,Leisure,86,2023,Leisure,7387107,513878,"['indie pop', 'indie', 'electronic', 'downtempo', 'New Zealand']",7387107,Above Me,N/A,214000,35028
All The Good Times Never Die,Leisure,90,2023,Leisure,7387107,513878,"['indie pop', 'indie', 'electronic', 'downtempo', 'New Zealand']",7387107,N/A,N/A,0,20273
Always,Leisure,95,2023,Leisure,7387107,513878,"['indie pop', 'indie', 'electronic', 'downtempo', 'New Zealand']",7387107,Always,N/A,207000,19953
Made For Me,Muni Long,31,2023,Muni Long,8446832,557959,"['rnb', 'soul', 'rap', 'pop', 'indie rnb']",8446832,Made For Me,N/A,188000,264102
love you twice,HUH YUNJIN,60,2023,HUH YUNJIN,8601264,290306,"['k-pop', 'LE SSERAFIM', 'Kpop', 'pop', 'huh yunjin']",8601264,love you twice,N/A,172000,193480
Religiously,Bailey Zimmerman,52,2023,Bailey Zimmerman,8632835,279190,"['country', 'contemporary country', 'rock', 'singer-songwriter', 'USA']",8632835,Religiously. The Album.,N/A,178000,101180
The Painter,Cody Johnson,30,2023,Cody Johnson,8855552,262164,"['country', 'USA', 'texas', 'United States', 'american']",8855552,The Painter,N/A,211000,80149
Stamp On It,GOT the beat,44,2023,GOT the beat,11347743,364806,"['k-pop', 'Kpop', 'Korean', 'pop', 'red velvet']",11347743,Stamp On It,N/A,232000,197861
Perfume,NCT DOJAEJUNG,26,2023,NCT DOJAEJUNG,11774255,257005,"['k-pop', 'NCT', 'sexy', 'Korean', 'electro-funk']",11774255,Perfume,N/A,167000,242610
Groovy,CRAVITY,84,2023,CRAVITY,12700292,166596,"['k-pop', 'Kpop', 'Korean', 'pop', 'Hip-Hop']",12700292,MASTER : PIECE,N/A,202000,42489
Queencard,i-dle,64,2023,i-dle,15909899,475522,"['k-pop', 'Korean', 'i-dle', 'GIDLE', 'cube entertainment']",15909899,i feel,N/A,0,207012
toxic,Noname,33,2023,Noname,17797848,572338,"['Hip-Hop', 'rap', 'hip hop', 'Ghetto Sage', 'jazz rap']",17797848,Sundial,N/A,194000,33953
Marshmallow,MISAMO,43,2023,MISAMO,18378221,333438,"['j-pop', 'japanese', 'twice', 'sana', 'mina']",18378221,MISAMO,N/A,182000,118523
Behind The Curtain,MISAMO,73,2023,MISAMO,18378221,333438,"['j-pop', 'japanese', 'twice', 'sana', 'mina']",18378221,MISAMO,N/A,178000,60832
Sweet Juice,PURPLE KISS,21,2023,PURPLE KISS,18983073,271016,"['k-pop', 'Kpop', 'Korean', 'pop', 'girl group']",18983073,Cabin Fever,N/A,192000,131068
Sensitive,Loossemble,76,2023,Loossemble,20519658,267327,"['Loona', 'k-pop', 'Kpop', 'Korean', 'girl group']",20519658,LOOSSEMBLE,N/A,185000,114428
Ghost,Sigrid,94,2023,Sigrid,20803710,653738,"['pop', 'norwegian', 'synthpop', 'electropop', 'electronic']",20803710,Ghost,N/A,213000,17084
The Hype,Sigrid,22,2023,Sigrid,20803710,653738,"['pop', 'norwegian', 'synthpop', 'electropop', 'electronic']",20803710,The Hype,N/A,214000,28733
Younger & Dumber,Indigo De Souza,55,2023,Indigo De Souza,21320316,662043,"['indie rock', 'indie pop', 'singer-songwriter', 'indie', 'North Carolina']",21320316,Younger & Dumber,N/A,279000,75760
EUNOIA,Billlie,15,2023,Billlie,23632790,318912,"['k-pop', 'Korean', 'Kpop', 'pop', 'girl group']",23632790,the Billage of perception : chapter three,N/A,204000,115869
Nothing Left To Lose,Everything But the Girl,91,2023,Everything But the Girl,23673330,1418862,"['electronic', 'trip-hop', 'chillout', 'female vocalists', 'electronica']",23673330,Fuse,N/A,224000,57010
Drowning,WOODZ,97,2023,WOODZ,23910115,336173,"['k-pop', 'rock', 'Korean', 'rnb', 'k-rnb']",23910115,OO-LI,N/A,244000,100679
Back To Me,The Rose,62,2023,The Rose,24488666,460124,"['rock', 'indie rock', 'k-rock', 'indie', 'Korean']",24488666,Back To Me / Alive,N/A,224000,171707
You Only Love Me,Rita Ora,71,2023,Rita Ora,28708778,1321646,"['pop', 'dance', 'female vocalists', 'rnb', 'british']",28708778,You Only Love Me,N/A,148000,79176
DIE 4 YOU,Dean,92,2023,Dean,32679076,678922,"['rnb', 'Korean', 'k-rnb', 'soul', 'krnb']",32679076,DIE 4 YOU,N/A,194000,194950
BATTER UP,BABYMONSTER,19,2023,BABYMONSTER,33096613,513363,[],33096613,BATTER UP,N/A,188000,256127
SLAY,Everglow,38,2023,Everglow,35914985,641505,"['k-pop', 'Korean', 'Kpop', 'pop', 'girl group']",35914985,ALL MY GIRLS,N/A,220000,107608
Heart Wants What It Wants,Bebe Rexha,54,2023,Bebe Rexha,37160436,1434248,"['pop', 'female vocalists', 'electronic', 'singer-songwriter', 'alternative']",37160436,Heart Wants What It Wants,N/A,182000,68091
One In A Million,Bebe Rexha,65,2023,Bebe Rexha,37160436,1434248,"['pop', 'female vocalists', 'electronic', 'singer-songwriter', 'alternative']",37160436,One In A Million,N/A,160000,118884
jamcod,The Jesus and Mary Chain,100,2023,The Jesus and Mary Chain,39994312,1316125,"['shoegaze', 'post-punk', 'alternative', 'indie', 'rock']",39994312,jamcod,N/A,237000,22649
Fast Car,Luke Combs,44,2023,Luke Combs,40124465,780328,"['country', 'country pop', 'contemporary country', 'americana', 'country rock']",40124465,Gettin' Old,N/A,265000,344814
Poppin' Love,WayV,8,2023,WayV,42640811,537466,"['C-pop', 'NCT', 'k-pop', 'chinese', 'cpop']",42640811,N/A,N/A,185000,89038
Stuck,Thirty Seconds to Mars,68,2023,Thirty Seconds to Mars,42830176,1535087,[],42830176,Stuck,N/A,182000,127779
Rover,Kai,85,2023,Kai,43258487,699824,"['exo', 'rnb', 'Kpop', 'k-pop', 'pop']",43258487,Rover,N/A,174000,395627
FLOWER,JISOO,51,2023,JISOO,44824598,619846,"['k-pop', 'pop', 'Korean', 'blackpink', 'BLISSOO']",44824598,ME,N/A,174000,396589
In Spite of War,Yves Tumor,80,2023,Yves Tumor,47362161,1036866,"['Neo-Psychedelia', 'ambient', 'experimental', 'hypnagogic pop', 'art rock']",47362161,Praise A Lord Who Chews But Which Does Not Consume; (Or Simply: Hot Between Worlds),N/A,151000,84728
Lipstick Lover,Janelle Monáe,29,2023,Janelle Monáe,50819064,1230900,"['soul', 'rnb', 'female vocalists', 'alternative', 'funk']",50819064,The Age of Pleasure,N/A,169000,127090
Violet Crazy,DPR IAN,69,2023,DPR IAN,51315547,636640,"['Korean', 'rnb', 'live', 'k-rnb', 'pop']",51315547,Dear Insanity...,N/A,188000,68748
Peanut Butter & Tears,DPR IAN,24,2023,DPR IAN,51315547,636640,"['Korean', 'rnb', 'live', 'k-rnb', 'pop']",51315547,Dear Insanity...,N/A,225000,127403
#menow,fromis_9,82,2023,fromis_9,51801034,566095,"['k-pop', 'Korean', 'pop', 'girl group', 'Kpop']",51801034,Unlock My World,N/A,168000,157832
CRUSH,ZEROBASEONE,85,2023,ZEROBASEONE,55829053,319434,"['k-pop', 'Kpop', 'Hanbin da lizii', 'Korean', 'boys planet']",55829053,MELTING POINT,N/A,169000,108256
Take My Hand,ZEROBASEONE,25,2023,ZEROBASEONE,55829053,319434,"['k-pop', 'Kpop', 'Hanbin da lizii', 'Korean', 'boys planet']",55829053,MELTING POINT,N/A,215000,66296
Shhh,Kiss of Life,27,2023,Kiss of Life,61453331,710504,"['k-pop', 'pop', 'Kpop', 'Korean', 'rnb']",61453331,KISS OF LIFE - EP,N/A,182000,289780
Sugarcoat (NATTY Solo),Kiss of Life,95,2023,Kiss of Life,61453331,710504,"['k-pop', 'pop', 'Kpop', 'Korean', 'rnb']",61453331,KISS OF LIFE - EP,N/A,179000,381122
Bye My Neverland,Kiss of Life,90,2023,Kiss of Life,61453331,710504,"['k-pop', 'pop', 'Kpop', 'Korean', 'rnb']",61453331,KISS OF LIFE - EP,N/A,203000,121768
Rising,tripleS,28,2023,tripleS,62356708,418875,[],62356708,ASSEMBLE,N/A,154000,192605
Beam,tripleS,61,2023,tripleS,62356708,418875,[],62356708,ASSEMBLE,N/A,159000,72915
Rhodanthe,tripleS,39,2023,tripleS,62356708,418875,[],62356708,EVOLution <⟡>,N/A,227000,37746
Cherry Talk,tripleS,66,2023,tripleS,62356708,418875,[],62356708,+(KR)ystal Eyes <AESTHETIC>,N/A,171000,63977
Girls’ Capitalism,tripleS,57,2023,tripleS,62356708,418875,[],62356708,LOVElution <ↀ>,N/A,218000,72258
Invincible,tripleS,49,2023,tripleS,62356708,418875,[],62356708,EVOLution <⟡>,N/A,197000,60842
Choose Your Fighter,Ava Max,46,2023,Ava Max,65916315,1557862,"['pop', 'electropop', 'female vocalists', 'american', 'USA']",65916315,Barbie: The Album,N/A,138000,134797
Beautiful Liar,MONSTA X,92,2023,MONSTA X,65934134,558765,"['k-pop', 'Korean', 'Kpop', 'Hip-Hop', 'best of 2017']",65934134,REASON,N/A,183000,102960
Sou Musa do Verão,Marshmello,21,2023,Marshmello,67374129,2534472,"['electronic', 'dance', 'EDM', 'trap', 'pop']",67374129,Sou Musa do Verão,N/A,187000,178096
Heaven,Niall Horan,55,2023,Niall Horan,70411861,1296894,"['pop', 'folk', 'irish', 'singer-songwriter', 'male vocalists']",70411861,Heaven,N/A,186000,352071
Bongos (feat. Megan Thee Stallion),Cardi B,72,2023,Cardi B,76940904,2384290,"['Hip-Hop', 'rap', 'trap', 'hip hop', 'american']",76940904,Bongos (feat. Megan Thee Stallion),N/A,175000,247251
Can't Tame Her,Zara Larsson,99,2023,Zara Larsson,77577057,2182349,"['pop', 'swedish', 'female vocalists', 'indie', 'Sweden']",77577057,Can’t Tame Her,N/A,196000,222807
BONVOYAGE,Dreamcatcher,46,2023,Dreamcatcher,79061004,557395,"['k-pop', 'rock', 'Korean', 'k-rock', 'Kpop']",79061004,[Apocalypse : From us],N/A,213000,91224
Talk to Me Nice,Tinashe,68,2023,Tinashe,83604278,1586552,"['rnb', 'pop', 'soul', 'Hip-Hop', 'british']",83604278,Talk To Me Nice,N/A,229000,132453
Needs,Tinashe,67,2023,Tinashe,83604278,1586552,"['rnb', 'pop', 'soul', 'Hip-Hop', 'british']",83604278,Needs,N/A,146000,181327
Bubble,STAYC,15,2023,STAYC,86051423,733936,[],86051423,TEENFRESH,N/A,178000,164057
Last Night,Morgan Wallen,18,2023,Morgan Wallen,87700334,962514,"['country', 'country pop', 'contemporary country', 'the voice', 'bro-country']",87700334,3 Songs at a Time Sampler,N/A,161000,408776
HARD,SHINee,58,2023,SHINee,102659452,832770,"['k-pop', 'Korean', 'shinee', 'Kpop', 'pop']",102659452,HARD,N/A,176000,121991
Ruined,Adrianne Lenker,79,2023,Adrianne Lenker,110516464,1316338,"['singer-songwriter', 'indie folk', 'folk', 'female vocalists', 'indie']",110516464,Ruined,N/A,272000,145409
Like We Just Met,NCT DREAM,56,2023,NCT DREAM,113055345,673401,"['k-pop', 'Korean', 'NCT', 'pop', 'nct dream']",113055345,INFJ,N/A,210000,53792
ISTJ,NCT DREAM,14,2023,NCT DREAM,113055345,673401,"['k-pop', 'Korean', 'NCT', 'pop', 'nct dream']",113055345,INFJ,N/A,186000,131293
Broken Melodies,NCT DREAM,78,2023,NCT DREAM,113055345,673401,"['k-pop', 'Korean', 'NCT', 'pop', 'nct dream']",113055345,Broken Melodies,N/A,227000,138647
Vampire Empire,Big Thief,14,2023,Big Thief,117482539,1624341,"['indie rock', 'indie folk', 'folk', 'folk rock', 'indie']",117482539,Vampire Empire,N/A,192000,680828
Borderline,Tove Lo,13,2023,Tove Lo,122007176,2405682,"['pop', 'swedish', 'electronic', 'female vocalists', 'indie']",122007176,Borderline,N/A,193000,134086
When I Get There,P!nk,75,2023,P!nk,122110519,3730440,"['pop', 'pop rock', 'female vocalists', 'rock', 'female']",122110519,TRUSTFALL [Clean],N/A,200000,55980
Trustfall,P!nk,32,2023,P!nk,122110519,3730440,"['pop', 'pop rock', 'female vocalists', 'rock', 'female']",122110519,TRUSTFALL [Clean],N/A,236000,188954
CAKE,ITZY,63,2023,ITZY,134586077,981767,"['k-pop', 'Kpop', 'Korean', 'pop', 'girl group']",134586077,KILL MY DOUBT,N/A,198000,223273
Kill Shot,ITZY,2,2023,ITZY,134586077,981767,"['k-pop', 'Kpop', 'Korean', 'pop', 'girl group']",134586077,KILL MY DOUBT,N/A,136000,94887
kisses,Slowdive,98,2023,Slowdive,144021723,2181345,"['shoegaze', 'dream pop', 'ambient', 'indie', 'indie rock']",144021723,everything is alive,N/A,237000,339441
Midnight Dreams,Ellie Goulding,62,2023,Ellie Goulding,150866337,3907039,"['electronic', 'female vocalists', 'british', 'indie', 'indie pop']",150866337,Higher Than Heaven (Deluxe) [Clean],N/A,193000,40291
Kitsch,IVE,11,2023,IVE,154593719,1025181,"['k-pop', 'Korean', 'Kpop', 'pop', 'female vocalists']",154593719,Kitsch,N/A,195000,346688
Off The Record,IVE,51,2023,IVE,154593719,1025181,"['k-pop', 'Korean', 'Kpop', 'pop', 'female vocalists']",154593719,I’VE MINE,N/A,188000,233680
I AM,IVE,10,2023,IVE,154593719,1025181,"['k-pop', 'Korean', 'Kpop', 'pop', 'female vocalists']",154593719,I’ve IVE,N/A,183000,521427
Cherish,IVE,91,2023,IVE,154593719,1025181,"['k-pop', 'Korean', 'Kpop', 'pop', 'female vocalists']",154593719,I’ve IVE,N/A,194000,121439
Gimme Love,Sia,13,2023,Sia,161894492,4360773,"['female vocalists', 'indie', 'chillout', 'trip-hop', 'downtempo']",161894492,Gimme Love,N/A,177000,97258
Regret It,Exo,42,2023,Exo,165379088,1033112,"['k-pop', 'exo', 'Korean', 'Kpop', 'exo-k']",165379088,EXIST,N/A,175000,55531
Cream Soda,Exo,41,2023,Exo,165379088,1033112,"['k-pop', 'exo', 'Korean', 'Kpop', 'exo-k']",165379088,EXIST,N/A,185000,165742
Let Me In,Exo,96,2023,Exo,165379088,1033112,"['k-pop', 'exo', 'Korean', 'Kpop', 'exo-k']",165379088,Let Me In,N/A,197000,111500
Rush,Troye Sivan,20,2023,Troye Sivan,167091897,2412521,"['pop', 'indie pop', 'indie', 'male vocalists', 'alternative']",167091897,Rush,N/A,156000,1014794
Tension,Kylie Minogue,43,2023,Kylie Minogue,173548733,3503603,"['pop', 'dance', 'female vocalists', 'australian', 'electronic']",173548733,Tension (Deluxe),N/A,216000,137602
Padam Padam,Kylie Minogue,9,2023,Kylie Minogue,173548733,3503603,"['pop', 'dance', 'female vocalists', 'australian', 'electronic']",173548733,Tension (Deluxe),N/A,166000,366261
naked freestyle,Baby Keem,50,2023,Baby Keem,194678988,1985806,"['Hip-Hop', 'rap', 'trap', 'hip hop', 'west coast hip hop']",194678988,The Melodic Blue (Deluxe),N/A,108000,231233
killstreaks (with Don Toliver & PinkPantheress),Baby Keem,19,2023,Baby Keem,194678988,1985806,"['Hip-Hop', 'rap', 'trap', 'hip hop', 'west coast hip hop']",194678988,very cool music listen to this please,N/A,0,201436
bank account (with Lil Uzi Vert),Baby Keem,61,2023,Baby Keem,194678988,1985806,"['Hip-Hop', 'rap', 'trap', 'hip hop', 'west coast hip hop']",194678988,N/A,N/A,214000,144793
highway 95,Baby Keem,74,2023,Baby Keem,194678988,1985806,"['Hip-Hop', 'rap', 'trap', 'hip hop', 'west coast hip hop']",194678988,The Melodic Blue (Deluxe),N/A,91000,427192
ARRIBA,ATEEZ,73,2023,ATEEZ,210298311,789322,"['k-pop', 'Korean', 'Kpop', 'pop', 'boy group']",210298311,THE WORLD EP.FIN : WILL,N/A,217000,79042
American Daughter,Beach House,41,2023,Beach House,240390663,3472098,"['dream pop', 'indie pop', 'indie', 'Lo-Fi', 'Dreamy']",240390663,Become,N/A,255000,66111
Become,Beach House,47,2023,Beach House,240390663,3472098,"['dream pop', 'indie pop', 'indie', 'Lo-Fi', 'Dreamy']",240390663,Become,N/A,358000,58164
Knock Knock (Who's There?),Red Velvet,98,2023,Red Velvet,241281245,1368614,"['k-pop', 'Kpop', 'pop', 'Korean', 'female vocalists']",241281245,Chill Kill,N/A,201000,120539
From the Start,Laufey,94,2023,Laufey,246922075,2268345,"['jazz', 'Bossa Nova', 'pop', 'female vocalists', 'jazz pop']",246922075,From The Start - Single,N/A,184000,1461433
We Go,aespa,52,2023,aespa,261439397,1295496,"['k-pop', 'Kpop', 'Korean', 'pop', 'hyperpop']",261439397,포켓몬스터 (2023),N/A,188000,52261
Drama,aespa,5,2023,aespa,261439397,1295496,"['k-pop', 'Kpop', 'Korean', 'pop', 'hyperpop']",261439397,Drama,N/A,214000,619172
I'm Unhappy,aespa,65,2023,aespa,261439397,1295496,"['k-pop', 'Kpop', 'Korean', 'pop', 'hyperpop']",261439397,MY WORLD,N/A,205000,162030
Spicy,aespa,32,2023,aespa,261439397,1295496,"['k-pop', 'Kpop', 'Korean', 'pop', 'hyperpop']",261439397,MY WORLD,N/A,199000,458448
Angry,The Rolling Stones,63,2023,The Rolling Stones,271121876,5778253,"['classic rock', 'rock', 'british', '60s', 'blues']",271121876,Hackney Diamonds,N/A,226000,109841
Unknown / Nth,Hozier,53,2023,Hozier,276334337,3293122,"['blues', 'indie', 'soul', 'singer-songwriter', 'irish']",276334337,Unreal Unearth,N/A,280000,373998
F*ck My Life,Seventeen,35,2023,Seventeen,284920887,927181,"['k-pop', 'Kpop', 'pop', 'rock', 'seventeen']",284920887,FML,N/A,202000,116976
Will Anybody Ever Love Me?,Sufjan Stevens,86,2023,Sufjan Stevens,295763171,3859568,"['folk', 'indie', 'singer-songwriter', 'alternative', 'indie rock']",295763171,Javelin,N/A,249000,224426
Used to Be Young,Miley Cyrus,8,2023,Miley Cyrus,295817445,4784310,"['pop', 'female vocalists', 'dance', 'Disney', 'guilty pleasure']",295817445,Used to Be Young,N/A,190000,354672
Jaded,Miley Cyrus,29,2023,Miley Cyrus,295817445,4784310,"['pop', 'female vocalists', 'dance', 'Disney', 'guilty pleasure']",295817445,Endless Summer Vacation,N/A,182000,355650
Flowers,Miley Cyrus,2,2023,Miley Cyrus,295900006,4785176,"['pop', 'female vocalists', 'dance', 'Disney', 'guilty pleasure']",295900006,Flowers,N/A,200000,1160317
UNFORGIVEN (feat. Nile Rodgers),LE SSERAFIM,39,2023,LE SSERAFIM,296166634,1616893,"['k-pop', 'Kpop', 'Korean', 'pop', 'female vocalists']",296166634,UNFORGIVEN,N/A,182000,504838
Perfect Night,LE SSERAFIM,1,2023,LE SSERAFIM,296166634,1616893,"['k-pop', 'Kpop', 'Korean', 'pop', 'female vocalists']",296166634,Perfect Night,N/A,159000,722690
"FEARNOT (Between you, me and the lamppost)",LE SSERAFIM,34,2023,LE SSERAFIM,296166634,1616893,"['k-pop', 'Kpop', 'Korean', 'pop', 'female vocalists']",296166634,UNFORGIVEN,N/A,207000,151168
Burn the Bridge,LE SSERAFIM,69,2023,LE SSERAFIM,296166634,1616893,"['k-pop', 'Kpop', 'Korean', 'pop', 'female vocalists']",296166634,UNFORGIVEN,N/A,155000,143203
Last Time I Saw You,Nicki Minaj,3,2023,Nicki Minaj,304255046,4699361,"['Hip-Hop', 'rap', 'rnb', 'pop', 'hip hop']",304255046,Last Time I Saw You,N/A,216000,228495
THE GIRLS - BLACKPINK THE GAME OST,BLACKPINK,87,2023,BLACKPINK,305310754,1950846,"['k-pop', 'Kpop', 'pop', 'Korean', 'blackpink']",305310754,THE GIRLS (BLACKPINK THE GAME OST),N/A,162000,181823
Dance the Night,Dua Lipa,9,2023,Dua Lipa,314694603,3223292,"['pop', 'synthpop', 'electropop', 'british', 'female vocalists']",314694603,Dance The Night,N/A,176000,366496
Get Up,NewJeans,22,2023,NewJeans,322651833,1768706,"['k-pop', 'Kpop', 'rnb', 'pop', 'Korean']",322651833,Get Up,N/A,36000,535892
ETA,NewJeans,18,2023,NewJeans,322651833,1768706,"['k-pop', 'Kpop', 'rnb', 'pop', 'Korean']",322651833,Get Up,N/A,151000,863045
Super Shy,NewJeans,17,2023,NewJeans,322651833,1768706,"['k-pop', 'Kpop', 'rnb', 'pop', 'Korean']",322651833,Get Up,N/A,154000,1162999
Zero,NewJeans,37,2023,NewJeans,322651833,1768706,"['k-pop', 'Kpop', 'rnb', 'pop', 'Korean']",322651833,Zero,N/A,154000,365555
OMG,NewJeans,42,2023,NewJeans,322651833,1768706,"['k-pop', 'Kpop', 'rnb', 'pop', 'Korean']",322651833,OMG,N/A,212000,990214
New Jeans,NewJeans,50,2023,NewJeans,322651833,1768706,"['k-pop', 'Kpop', 'rnb', 'pop', 'Korean']",322651833,Get Up,N/A,98000,974546
Cool With You,NewJeans,78,2023,NewJeans,322651833,1768706,"['k-pop', 'Kpop', 'rnb', 'pop', 'Korean']",322651833,Get Up,N/A,147000,661610
Sweet Venom,ENHYPEN,12,2023,ENHYPEN,327449687,1102790,"['k-pop', 'Kpop', 'Korean', 'pop', 'boy group']",327449687,ORANGE BLOOD,N/A,148000,304796
Still Monster,ENHYPEN,31,2023,ENHYPEN,327449687,1102790,"['k-pop', 'Kpop', 'Korean', 'pop', 'boy group']",327449687,ORANGE BLOOD,N/A,186000,150267
Orange Flower (You Complete Me),ENHYPEN,89,2023,ENHYPEN,327449687,1102790,"['k-pop', 'Kpop', 'Korean', 'pop', 'boy group']",327449687,ORANGE BLOOD,N/A,180000,98877
Bills,ENHYPEN,27,2023,ENHYPEN,327449687,1102790,"['k-pop', 'Kpop', 'Korean', 'pop', 'boy group']",327449687,DARK BLOOD - EP,N/A,175000,192220
Blind,ENHYPEN,20,2023,ENHYPEN,327449687,1102790,"['k-pop', 'Kpop', 'Korean', 'pop', 'boy group']",327449687,ORANGE BLOOD,N/A,198000,100564
Rescued,Foo Fighters,87,2023,Foo Fighters,359676961,6313148,"['rock', 'alternative rock', 'Grunge', 'alternative', 'hard rock']",359676961,Rescued,N/A,239000,175192
The Teacher,Foo Fighters,40,2023,Foo Fighters,359676961,6313148,"['rock', 'alternative rock', 'Grunge', 'alternative', 'hard rock']",359676961,But Here We Are,N/A,604000,66163
NO ME QUIERO CASAR,Bad Bunny,5,2023,Bad Bunny,382206279,2472979,"['Reggaeton', 'trap', 'latin', 'puerto rico', 'trap latino']",382206279,nadie sabe lo que va a pasar mañana,N/A,225000,198403
Sugar Rush Ride,TOMORROW X TOGETHER,83,2023,TOMORROW X TOGETHER,422061318,1201974,"['k-pop', 'Kpop', 'pop', 'Korean', 'txt']",422061318,The Name Chapter: TEMPTATION,N/A,186000,398680
Blue Spring,TOMORROW X TOGETHER,54,2023,TOMORROW X TOGETHER,422061318,1201974,"['k-pop', 'Kpop', 'pop', 'Korean', 'txt']",422061318,The Name Chapter: FREEFALL,N/A,186000,102775
Dreamer,TOMORROW X TOGETHER,24,2023,TOMORROW X TOGETHER,422061318,1201974,"['k-pop', 'Kpop', 'pop', 'Korean', 'txt']",422061318,The Name Chapter: FREEFALL,N/A,186000,139181
Deep Down,TOMORROW X TOGETHER,81,2023,TOMORROW X TOGETHER,422061318,1201974,"['k-pop', 'Kpop', 'pop', 'Korean', 'txt']",422061318,The Name Chapter: FREEFALL,N/A,163000,99587
Happily Ever After,TOMORROW X TOGETHER,48,2023,TOMORROW X TOGETHER,422061318,1201974,"['k-pop', 'Kpop', 'pop', 'Korean', 'txt']",422061318,The Name Chapter: FREEFALL,N/A,151000,191714
"Look Ma, No Brains!",Green Day,70,2023,Green Day,438568755,6520124,"['punk rock', 'rock', 'punk', 'pop punk', 'alternative']",438568755,"Look Ma, No Brains!",N/A,124000,116434
Paint the Town Red,Doja Cat,57,2023,Doja Cat,456043431,3560361,"['pop', 'rnb', 'rap', 'Hip-Hop', 'hip hop']",456043431,Paint the Town Red,N/A,231000,1263351
Agora Hills,Doja Cat,66,2023,Doja Cat,456043431,3560361,"['pop', 'rnb', 'rap', 'Hip-Hop', 'hip hop']",456043431,Scarlet,N/A,265000,1127740
COMFLEX,Stray Kids,59,2023,Stray Kids,477101740,1323919,"['k-pop', 'pop', 'Korean', 'Kpop', 'Hip-Hop']",477101740,ROCK-STAR,N/A,172000,116220
Cover Me,Stray Kids,6,2023,Stray Kids,477101740,1323919,"['k-pop', 'pop', 'Korean', 'Kpop', 'Hip-Hop']",477101740,ROCK-STAR,N/A,191000,118679
GET LIT,Stray Kids,33,2023,Stray Kids,477101740,1323919,"['k-pop', 'pop', 'Korean', 'Kpop', 'Hip-Hop']",477101740,5-STAR,N/A,171000,107717
Blind Spot,Stray Kids,16,2023,Stray Kids,477101740,1323919,"['k-pop', 'pop', 'Korean', 'Kpop', 'Hip-Hop']",477101740,ROCK-STAR,N/A,200000,109667
Hare Hare,TWICE,93,2023,TWICE,488576677,1868694,"['k-pop', 'Kpop', 'Korean', 'pop', 'girl group']",488576677,Hare Hare,N/A,203000,175532
MOONLIGHT SUNRISE,TWICE,97,2023,TWICE,488576677,1868694,"['k-pop', 'Kpop', 'Korean', 'pop', 'girl group']",488576677,MOONLIGHT SUNRISE,N/A,180000,469467
SET ME FREE,TWICE,7,2023,TWICE,488576677,1868694,"['k-pop', 'Kpop', 'Korean', 'pop', 'girl group']",488576677,READY TO BE,N/A,182000,379213
BLAME IT ON ME,TWICE,12,2023,TWICE,488576677,1868694,"['k-pop', 'Kpop', 'Korean', 'pop', 'girl group']",488576677,READY TO BE,N/A,160000,121009
SET ME FREE (ENG),TWICE,67,2023,TWICE,488576677,1868694,"['k-pop', 'Kpop', 'Korean', 'pop', 'girl group']",488576677,READY TO BE,N/A,182000,156390
WALLFLOWER,TWICE,38,2023,TWICE,488576677,1868694,"['k-pop', 'Kpop', 'Korean', 'pop', 'girl group']",488576677,READY TO BE,N/A,176000,134511
If Darkness Had a Son,Metallica,84,2023,Metallica,528860334,5129334,"['thrash metal', 'heavy metal', 'metal', 'hard rock', 'rock']",528860334,72 Seasons,N/A,436000,114374
bad idea right?,Olivia Rodrigo,77,2023,Olivia Rodrigo,541622301,3026865,"['pop', 'pop rock', 'rock', 'female vocalists', 'indie pop']",541622301,bad idea right?,N/A,184000,1170313
D-Day,Agust D,10,2023,Agust D,574168520,830721,"['rap', 'Hip-Hop', 'Korean', 'bts', 'hip hop']",574168520,D-DAY,N/A,211000,264302
HUH?! (feat. j-hope),Agust D,26,2023,Agust D,574168520,830721,"['rap', 'Hip-Hop', 'Korean', 'bts', 'hip hop']",574168520,D-DAY,N/A,183000,237694
SDL,Agust D,36,2023,Agust D,574168520,830721,"['rap', 'Hip-Hop', 'Korean', 'bts', 'hip hop']",574168520,D‐DAY,N/A,171000,239290
Polar Night,Agust D,74,2023,Agust D,574168520,830721,"['rap', 'Hip-Hop', 'Korean', 'bts', 'hip hop']",574168520,D-DAY,N/A,165000,208702
Interlude : Dawn,Agust D,83,2023,Agust D,574168520,830721,"['rap', 'Hip-Hop', 'Korean', 'bts', 'hip hop']",574168520,D‐DAY,N/A,105000,195727
"Snooze (feat. Ryuichi Sakamoto, Woosung of The Rose)",Agust D,17,2023,Agust D,574168520,830721,"['rap', 'Hip-Hop', 'Korean', 'bts', 'hip hop']",574168520,D-DAY,N/A,264000,237350
opposite,Sabrina Carpenter,45,2023,Sabrina Carpenter,627272775,3172298,"['pop', 'female vocalists', 'rnb', 'american', 'my top songs']",627272775,emails i can’t send fwd:,N/A,168000,431431
K-POP (feat. Bad Bunny & The Weeknd),Travis Scott,47,2023,Travis Scott,667663266,3280150,[],667663266,Utopia (Spotify),N/A,185000,282048
TOPIA TWINS (feat. Rob49 & 21 Savage),Travis Scott,36,2023,Travis Scott,667663266,3280150,[],667663266,UTOPIA (Spotfiy),N/A,223000,615365
MELTDOWN (feat. Drake),Travis Scott,23,2023,Travis Scott,667663266,3280150,[],667663266,UTOPIA (Spotfiy),N/A,246000,730633
For Us,V,7,2023,V,718850884,905583,"['bts', 'pop', 'rnb', 'Melodic Death Metal', 'Taehyung']",718850884,Layover,N/A,171000,271055
Slow Dancing,V,58,2023,V,718850884,905583,"['bts', 'pop', 'rnb', 'Melodic Death Metal', 'Taehyung']",718850884,Slow Dancing,N/A,190000,363240
Slow Dancing (Piano Ver.),V,89,2023,V,718850884,905583,"['bts', 'pop', 'rnb', 'Melodic Death Metal', 'Taehyung']",718850884,Layover,N/A,188000,201916
Like Crazy (English Version),Jimin,4,2023,Jimin,791688440,859538,"['k-pop', 'jimin', 'bts', 'Korean', 'Kpop']",791688440,FACE,N/A,212000,296922
Alone,Jimin,40,2023,Jimin,791688440,859538,"['k-pop', 'jimin', 'bts', 'Korean', 'Kpop']",791688440,FACE,N/A,211000,244440
Interlude : Dive,Jimin,93,2023,Jimin,791688440,859538,"['k-pop', 'jimin', 'bts', 'Korean', 'Kpop']",791688440,FACE,N/A,130000,193963
Please Don't Change (feat. DJ Snake),Jung Kook,71,2023,Jung Kook,794583203,1430525,"['k-pop', 'pop', 'Korean', 'bts', 'jungkook']",794583203,GOLDEN,N/A,146000,294427
Seven (feat. Latto) (Clean Ver.),Jung Kook,76,2023,Jung Kook,794583203,1430525,"['k-pop', 'pop', 'Korean', 'bts', 'jungkook']",794583203,Seven (feat. Latto),N/A,183000,289725
Too Sad to Dance,Jung Kook,75,2023,Jung Kook,794583203,1430525,"['k-pop', 'pop', 'Korean', 'bts', 'jungkook']",794583203,GOLDEN,N/A,175000,248522
Hate You,Jung Kook,77,2023,Jung Kook,794583203,1430525,"['k-pop', 'pop', 'Korean', 'bts', 'jungkook']",794583203,GOLDEN,N/A,154000,293532
Shot Glass of Tears,Jung Kook,60,2023,Jung Kook,794583203,1430525,"['k-pop', 'pop', 'Korean', 'bts', 'jungkook']",794583203,GOLDEN,N/A,167000,254715
Somebody,Jung Kook,4,2023,Jung Kook,794583203,1430525,"['k-pop', 'pop', 'Korean', 'bts', 'jungkook']",794583203,GOLDEN,N/A,168000,288439
Closer to You (feat. Major Lazer),Jung Kook,37,2023,Jung Kook,794583203,1430525,"['k-pop', 'pop', 'Korean', 'bts', 'jungkook']",794583203,GOLDEN,N/A,170000,301004
Yes or No,Jung Kook,70,2023,Jung Kook,794583203,1430525,"['k-pop', 'pop', 'Korean', 'bts', 'jungkook']",794583203,GOLDEN,N/A,147000,374333
STUNTMAN (feat. Vince Staples),"Tyler, The Creator",30,2023,"Tyler, The Creator",1026705537,4253760,"['Hip-Hop', 'rap', 'ofwgkta', 'underground hip-hop', 'swag']",1026705537,CALL ME IF YOU GET LOST: The Estate Sale,N/A,199000,335613
What A Day,"Tyler, The Creator",45,2023,"Tyler, The Creator",1026705537,4253760,"['Hip-Hop', 'rap', 'ofwgkta', 'underground hip-hop', 'swag']",1026705537,CALL ME IF YOU GET LOST: The Estate Sale,N/A,216000,437361
Now and Then,The Beatles,3,2023,The Beatles,1084101552,6443982,"['classic rock', 'rock', 'british', '60s', 'pop']",1084101552,The Beatles Lost Album,N/A,248000,375402
You Broke My Heart,Drake,6,2023,Drake,1128317449,6646671,"['Hip-Hop', 'rap', 'rnb', 'hip hop', 'Canadian']",1128317449,For All the Dogs Scary Hours Edition,N/A,230000,372374
Rich Baby Daddy (feat. Sexyy Red & SZA),Drake,25,2023,Drake,1128317449,6646671,"['Hip-Hop', 'rap', 'rnb', 'hip hop', 'Canadian']",1128317449,For All the Dogs Scary Hours Edition,N/A,319000,723155
Search & Rescue,Drake,80,2023,Drake,1128317449,6646671,"['Hip-Hop', 'rap', 'rnb', 'hip hop', 'Canadian']",1128317449,Search & Rescue,N/A,272000,464627
Bahamas Promises,Drake,53,2023,Drake,1128317449,6646671,"['Hip-Hop', 'rap', 'rnb', 'hip hop', 'Canadian']",1128317449,For All the Dogs,N/A,184000,313365
Polar Opposites,Drake,82,2023,Drake,1128317449,6646671,"['Hip-Hop', 'rap', 'rnb', 'hip hop', 'Canadian']",1128317449,For All the Dogs,N/A,257000,215633
Drew a Picasso,Drake,79,2023,Drake,1128317449,6646671,"['Hip-Hop', 'rap', 'rnb', 'hip hop', 'Canadian']",1128317449,For All the Dogs,N/A,262000,262609
First Person Shooter (feat. J. Cole),Drake,88,2023,Drake,1128317449,6646671,"['Hip-Hop', 'rap', 'rnb', 'hip hop', 'Canadian']",1128317449,For All the Dogs Scary Hours Edition,N/A,248000,683498
8am in Charlotte,Drake,1,2023,Drake,1128317449,6646671,"['Hip-Hop', 'rap', 'rnb', 'hip hop', 'Canadian']",1128317449,For All the Dogs,N/A,266000,336194
Gently (feat. Bad Bunny),Drake,11,2023,Drake,1128317449,6646671,"['Hip-Hop', 'rap', 'rnb', 'hip hop', 'Canadian']",1128317449,For All the Dogs Scary Hours Edition,N/A,133000,292573
Slime You Out (feat. SZA),Drake,35,2023,Drake,1128317449,6646671,"['Hip-Hop', 'rap', 'rnb', 'hip hop', 'Canadian']",1128317449,Slime You Out (feat. SZA) - Single,N/A,310000,520124
Sweet,Lana Del Rey,64,2023,Lana Del Rey,1546791352,5179045,"['indie', 'female vocalists', 'indie pop', 'pop', 'alternative']",1546791352,Did you know that there's a tunnel under Ocean Blvd,N/A,215000,498954
Candy Necklace (feat. Jon Batiste),Lana Del Rey,59,2023,Lana Del Rey,1546791352,5179045,"['indie', 'female vocalists', 'indie pop', 'pop', 'alternative']",1546791352,Did you know that there's a tunnel under Ocean Blvd (Deluxe Version),N/A,314000,434927
A&W,Lana Del Rey,49,2023,Lana Del Rey,1546791352,5179045,"['indie', 'female vocalists', 'indie pop', 'pop', 'alternative']",1546791352,Did you know that there's a tunnel under Ocean Blvd,N/A,433000,786084
